observation_date,GBRLOLITONOSTSAM
1957-12-01,98.23219
1958-01-01,98.26820
1958-02-01,98.36013
1958-03-01,98.47646
1958-04-01,98.58904
1958-05-01,98.71684
1958-06-01,98.87981
1958-07-01,99.10110
1958-08-01,99.36304
1958-09-01,99.63161
1958-10-01,99.88158
1958-11-01,100.07470
1958-12-01,100.15100
1959-01-01,100.11060
1959-02-01,100.00680
1959-03-01,99.89798
1959-04-01,99.81816
1959-05-01,99.76101
1959-06-01,99.79094
1959-07-01,99.96909
1959-08-01,100.36020
1959-09-01,100.98850
1959-10-01,101.72650
1959-11-01,102.37960
1959-12-01,102.79010
1960-01-01,102.85130
1960-02-01,102.61370
1960-03-01,102.23330
1960-04-01,101.81940
1960-05-01,101.44600
1960-06-01,101.14650
1960-07-01,100.92950
1960-08-01,100.78080
1960-09-01,100.67780
1960-10-01,100.58930
1960-11-01,100.51840
1960-12-01,100.49760
1961-01-01,100.51480
1961-02-01,100.53460
1961-03-01,100.48430
1961-04-01,100.31180
1961-05-01,100.01130
1961-06-01,99.59888
1961-07-01,99.09071
1961-08-01,98.55351
1961-09-01,98.10473
1961-10-01,97.81025
1961-11-01,97.68512
1961-12-01,97.67723
1962-01-01,97.73220
1962-02-01,97.83082
1962-03-01,97.96030
1962-04-01,98.11152
1962-05-01,98.23871
1962-06-01,98.33456
1962-07-01,98.44806
1962-08-01,98.60104
1962-09-01,98.76939
1962-10-01,98.93938
1962-11-01,99.09834
1962-12-01,99.23949
1963-01-01,99.37636
1963-02-01,99.55299
1963-03-01,99.77438
1963-04-01,100.01370
1963-05-01,100.24520
1963-06-01,100.46590
1963-07-01,100.70900
1963-08-01,100.96480
1963-09-01,101.20290
1963-10-01,101.38390
1963-11-01,101.47370
1963-12-01,101.48430
1964-01-01,101.43300
1964-02-01,101.34900
1964-03-01,101.27570
1964-04-01,101.25450
1964-05-01,101.28670
1964-06-01,101.36940
1964-07-01,101.45640
1964-08-01,101.50430
1964-09-01,101.45730
1964-10-01,101.27610
1964-11-01,100.97990
1964-12-01,100.61540
1965-01-01,100.26160
1965-02-01,99.93857
1965-03-01,99.62969
1965-04-01,99.34524
1965-05-01,99.13796
1965-06-01,99.02319
1965-07-01,98.99324
1965-08-01,99.04749
1965-09-01,99.18454
1965-10-01,99.39368
1965-11-01,99.64491
1965-12-01,99.92240
1966-01-01,100.18790
1966-02-01,100.39190
1966-03-01,100.48420
1966-04-01,100.39310
1966-05-01,100.05020
1966-06-01,99.47427
1966-07-01,98.74692
1966-08-01,97.98667
1966-09-01,97.36615
1966-10-01,96.95871
1966-11-01,96.78846
1966-12-01,96.84586
1967-01-01,97.08331
1967-02-01,97.41798
1967-03-01,97.82809
1967-04-01,98.30446
1967-05-01,98.80226
1967-06-01,99.28125
1967-07-01,99.70324
1967-08-01,100.06830
1967-09-01,100.37510
1967-10-01,100.59150
1967-11-01,100.69430
1967-12-01,100.67720
1968-01-01,100.57660
1968-02-01,100.42330
1968-03-01,100.24400
1968-04-01,100.10600
1968-05-01,100.09540
1968-06-01,100.19120
1968-07-01,100.38690
1968-08-01,100.62510
1968-09-01,100.81620
1968-10-01,100.91000
1968-11-01,100.87410
1968-12-01,100.70290
1969-01-01,100.43410
1969-02-01,100.12970
1969-03-01,99.81877
1969-04-01,99.50576
1969-05-01,99.17039
1969-06-01,98.84026
1969-07-01,98.54288
1969-08-01,98.29462
1969-09-01,98.07638
1969-10-01,97.91022
1969-11-01,97.82814
1969-12-01,97.85915
1970-01-01,97.97584
1970-02-01,98.11897
1970-03-01,98.23714
1970-04-01,98.29776
1970-05-01,98.29350
1970-06-01,98.24696
1970-07-01,98.16936
1970-08-01,98.08315
1970-09-01,98.01974
1970-10-01,97.98545
1970-11-01,97.98785
1970-12-01,98.03922
1971-01-01,98.14216
1971-02-01,98.31461
1971-03-01,98.58484
1971-04-01,98.96855
1971-05-01,99.43650
1971-06-01,99.96742
1971-07-01,100.55370
1971-08-01,101.13980
1971-09-01,101.70230
1971-10-01,102.22360
1971-11-01,102.69700
1971-12-01,103.12500
1972-01-01,103.48530
1972-02-01,103.81230
1972-03-01,104.13820
1972-04-01,104.42110
1972-05-01,104.57310
1972-06-01,104.55940
1972-07-01,104.43910
1972-08-01,104.28540
1972-09-01,104.14340
1972-10-01,104.04700
1972-11-01,103.96090
1972-12-01,103.84890
1973-01-01,103.68780
1973-02-01,103.51240
1973-03-01,103.33760
1973-04-01,103.15720
1973-05-01,102.95600
1973-06-01,102.70890
1973-07-01,102.36330
1973-08-01,101.88010
1973-09-01,101.24710
1973-10-01,100.51580
1973-11-01,99.71460
1973-12-01,98.90506
1974-01-01,98.19997
1974-02-01,97.69135
1974-03-01,97.32738
1974-04-01,97.05833
1974-05-01,96.85349
1974-06-01,96.65486
1974-07-01,96.41810
1974-08-01,96.17733
1974-09-01,95.96520
1974-10-01,95.78504
1974-11-01,95.68813
1974-12-01,95.72623
1975-01-01,95.92752
1975-02-01,96.25934
1975-03-01,96.66366
1975-04-01,97.09415
1975-05-01,97.52129
1975-06-01,97.90636
1975-07-01,98.22926
1975-08-01,98.51593
1975-09-01,98.81365
1975-10-01,99.09846
1975-11-01,99.42256
1975-12-01,99.77788
1976-01-01,100.13660
1976-02-01,100.44530
1976-03-01,100.67380
1976-04-01,100.78950
1976-05-01,100.76130
1976-06-01,100.60020
1976-07-01,100.36470
1976-08-01,100.09150
1976-09-01,99.83569
1976-10-01,99.67056
1976-11-01,99.61215
1976-12-01,99.63728
1977-01-01,99.75142
1977-02-01,99.96278
1977-03-01,100.22680
1977-04-01,100.53800
1977-05-01,100.87370
1977-06-01,101.20590
1977-07-01,101.53260
1977-08-01,101.79830
1977-09-01,102.00260
1977-10-01,102.12290
1977-11-01,102.14840
1977-12-01,102.11550
1978-01-01,102.05610
1978-02-01,101.98150
1978-03-01,101.92170
1978-04-01,101.89040
1978-05-01,101.90280
1978-06-01,101.97020
1978-07-01,102.04120
1978-08-01,102.07680
1978-09-01,102.04810
1978-10-01,101.93800
1978-11-01,101.81110
1978-12-01,101.74300
1979-01-01,101.75740
1979-02-01,101.84750
1979-03-01,101.96770
1979-04-01,102.00060
1979-05-01,101.84130
1979-06-01,101.48220
1979-07-01,101.04360
1979-08-01,100.64070
1979-09-01,100.32420
1979-10-01,100.06730
1979-11-01,99.81839
1979-12-01,99.56950
1980-01-01,99.31702
1980-02-01,99.05503
1980-03-01,98.76550
1980-04-01,98.45002
1980-05-01,98.17825
1980-06-01,97.95639
1980-07-01,97.78278
1980-08-01,97.67606
1980-09-01,97.67272
1980-10-01,97.75668
1980-11-01,97.93341
1980-12-01,98.18820
1981-01-01,98.50590
1981-02-01,98.84167
1981-03-01,99.16036
1981-04-01,99.40022
1981-05-01,99.51221
1981-06-01,99.49887
1981-07-01,99.41207
1981-08-01,99.28396
1981-09-01,99.16792
1981-10-01,99.07317
1981-11-01,99.00030
1981-12-01,98.94415
1982-01-01,98.93233
1982-02-01,98.98445
1982-03-01,99.05969
1982-04-01,99.11794
1982-05-01,99.17165
1982-06-01,99.25475
1982-07-01,99.38722
1982-08-01,99.55467
1982-09-01,99.74779
1982-10-01,99.95947
1982-11-01,100.13630
1982-12-01,100.28750
1983-01-01,100.43730
1983-02-01,100.58510
1983-03-01,100.74810
1983-04-01,100.91550
1983-05-01,101.06810
1983-06-01,101.20350
1983-07-01,101.29810
1983-08-01,101.33360
1983-09-01,101.31690
1983-10-01,101.30570
1983-11-01,101.29370
1983-12-01,101.28340
1984-01-01,101.26830
1984-02-01,101.23390
1984-03-01,101.15730
1984-04-01,101.04260
1984-05-01,100.87670
1984-06-01,100.68620
1984-07-01,100.51060
1984-08-01,100.39440
1984-09-01,100.32100
1984-10-01,100.26280
1984-11-01,100.22870
1984-12-01,100.20230
1985-01-01,100.17440
1985-02-01,100.08760
1985-03-01,99.99852
1985-04-01,99.91053
1985-05-01,99.83250
1985-06-01,99.77969
1985-07-01,99.75505
1985-08-01,99.76320
1985-09-01,99.78316
1985-10-01,99.80859
1985-11-01,99.82452
1985-12-01,99.82443
1986-01-01,99.80891
1986-02-01,99.80642
1986-03-01,99.83099
1986-04-01,99.87672
1986-05-01,99.91026
1986-06-01,99.93867
1986-07-01,99.95979
1986-08-01,99.98506
1986-09-01,100.02910
1986-10-01,100.12280
1986-11-01,100.28210
1986-12-01,100.51110
1987-01-01,100.81940
1987-02-01,101.08550
1987-03-01,101.36100
1987-04-01,101.62830
1987-05-01,101.85080
1987-06-01,101.98230
1987-07-01,101.99690
1987-08-01,101.90930
1987-09-01,101.74780
1987-10-01,101.53220
1987-11-01,101.30460
1987-12-01,101.09870
1988-01-01,100.93870
1988-02-01,100.83330
1988-03-01,100.78580
1988-04-01,100.78980
1988-05-01,100.81330
1988-06-01,100.81300
1988-07-01,100.77730
1988-08-01,100.70580
1988-09-01,100.60200
1988-10-01,100.48930
1988-11-01,100.40220
1988-12-01,100.34710
1989-01-01,100.32980
1989-02-01,100.33730
1989-03-01,100.35140
1989-04-01,100.37730
1989-05-01,100.38510
1989-06-01,100.35390
1989-07-01,100.29020
1989-08-01,100.19300
1989-09-01,100.06250
1989-10-01,99.92490
1989-11-01,99.81487
1989-12-01,99.73405
1990-01-01,99.66586
1990-02-01,99.61039
1990-03-01,99.59138
1990-04-01,99.61693
1990-05-01,99.64990
1990-06-01,99.65178
1990-07-01,99.60587
1990-08-01,99.51361
1990-09-01,99.38651
1990-10-01,99.24380
1990-11-01,99.10583
1990-12-01,99.01618
1991-01-01,99.00942
1991-02-01,99.10216
1991-03-01,99.27705
1991-04-01,99.47219
1991-05-01,99.66408
1991-06-01,99.84924
1991-07-01,100.02580
1991-08-01,100.18210
1991-09-01,100.28360
1991-10-01,100.31580
1991-11-01,100.29710
1991-12-01,100.25870
1992-01-01,100.23930
1992-02-01,100.25220
1992-03-01,100.27940
1992-04-01,100.27990
1992-05-01,100.19370
1992-06-01,100.01110
1992-07-01,99.77900
1992-08-01,99.57301
1992-09-01,99.44841
1992-10-01,99.42623
1992-11-01,99.48940
1992-12-01,99.60883
1993-01-01,99.74252
1993-02-01,99.88303
1993-03-01,100.02310
1993-04-01,100.15850
1993-05-01,100.28140
1993-06-01,100.38440
1993-07-01,100.48570
1993-08-01,100.58410
1993-09-01,100.65350
1993-10-01,100.68650
1993-11-01,100.68320
1993-12-01,100.64980
1994-01-01,100.59050
1994-02-01,100.48980
1994-03-01,100.36590
1994-04-01,100.25550
1994-05-01,100.18140
1994-06-01,100.13890
1994-07-01,100.11340
1994-08-01,100.09790
1994-09-01,100.07150
1994-10-01,100.03020
1994-11-01,99.97801
1994-12-01,99.91604
1995-01-01,99.85731
1995-02-01,99.81714
1995-03-01,99.79748
1995-04-01,99.80365
1995-05-01,99.83332
1995-06-01,99.87692
1995-07-01,99.91326
1995-08-01,99.93648
1995-09-01,99.94349
1995-10-01,99.93654
1995-11-01,99.92238
1995-12-01,99.91364
1996-01-01,99.91410
1996-02-01,99.92893
1996-03-01,99.94637
1996-04-01,99.95685
1996-05-01,99.94852
1996-06-01,99.93673
1996-07-01,99.93541
1996-08-01,99.95099
1996-09-01,99.97794
1996-10-01,100.01020
1996-11-01,100.03890
1996-12-01,100.07350
1997-01-01,100.12500
1997-02-01,100.19450
1997-03-01,100.27030
1997-04-01,100.34660
1997-05-01,100.41370
1997-06-01,100.46800
1997-07-01,100.51420
1997-08-01,100.56170
1997-09-01,100.59890
1997-10-01,100.61450
1997-11-01,100.60810
1997-12-01,100.59490
1998-01-01,100.57800
1998-02-01,100.55680
1998-03-01,100.51040
1998-04-01,100.41490
1998-05-01,100.26040
1998-06-01,100.05050
1998-07-01,99.81372
1998-08-01,99.60124
1998-09-01,99.46354
1998-10-01,99.42633
1998-11-01,99.50965
1998-12-01,99.69316
1999-01-01,99.95351
1999-02-01,100.26770
1999-03-01,100.58630
1999-04-01,100.85950
1999-05-01,101.06990
1999-06-01,101.21170
1999-07-01,101.26940
1999-08-01,101.23140
1999-09-01,101.11730
1999-10-01,100.95690
1999-11-01,100.79990
1999-12-01,100.67050
2000-01-01,100.56960
2000-02-01,100.49460
2000-03-01,100.44370
2000-04-01,100.39630
2000-05-01,100.35670
2000-06-01,100.32040
2000-07-01,100.29360
2000-08-01,100.28530
2000-09-01,100.30060
2000-10-01,100.34470
2000-11-01,100.39890
2000-12-01,100.43710
2001-01-01,100.44290
2001-02-01,100.42200
2001-03-01,100.38240
2001-04-01,100.33570
2001-05-01,100.28720
2001-06-01,100.22680
2001-07-01,100.14990
2001-08-01,100.07330
2001-09-01,100.00800
2001-10-01,99.96479
2001-11-01,99.95934
2001-12-01,99.98655
2002-01-01,100.04450
2002-02-01,100.12150
2002-03-01,100.20560
2002-04-01,100.26970
2002-05-01,100.27950
2002-06-01,100.24070
2002-07-01,100.17910
2002-08-01,100.10160
2002-09-01,100.00340
2002-10-01,99.87401
2002-11-01,99.71006
2002-12-01,99.52113
2003-01-01,99.34023
2003-02-01,99.21724
2003-03-01,99.17455
2003-04-01,99.20697
2003-05-01,99.28433
2003-06-01,99.38634
2003-07-01,99.49257
2003-08-01,99.59716
2003-09-01,99.70233
2003-10-01,99.80669
2003-11-01,99.91098
2003-12-01,100.01190
2004-01-01,100.08860
2004-02-01,100.12920
2004-03-01,100.13280
2004-04-01,100.10660
2004-05-01,100.06720
2004-06-01,100.03040
2004-07-01,100.00970
2004-08-01,100.01850
2004-09-01,100.05680
2004-10-01,100.11520
2004-11-01,100.17140
2004-12-01,100.20880
2005-01-01,100.22270
2005-02-01,100.21190
2005-03-01,100.18310
2005-04-01,100.14270
2005-05-01,100.09950
2005-06-01,100.06970
2005-07-01,100.05860
2005-08-01,100.06080
2005-09-01,100.07730
2005-10-01,100.11460
2005-11-01,100.18290
2005-12-01,100.27280
2006-01-01,100.36300
2006-02-01,100.46360
2006-03-01,100.56170
2006-04-01,100.65310
2006-05-01,100.73190
2006-06-01,100.80290
2006-07-01,100.88080
2006-08-01,100.98490
2006-09-01,101.13310
2006-10-01,101.30220
2006-11-01,101.47390
2006-12-01,101.63960
2007-01-01,101.78930
2007-02-01,101.92520
2007-03-01,102.03510
2007-04-01,102.10800
2007-05-01,102.13040
2007-06-01,102.09000
2007-07-01,101.99250
2007-08-01,101.86430
2007-09-01,101.72780
2007-10-01,101.57320
2007-11-01,101.38460
2007-12-01,101.16540
2008-01-01,100.90760
2008-02-01,100.60300
2008-03-01,100.24270
2008-04-01,99.80634
2008-05-01,99.28914
2008-06-01,98.70695
2008-07-01,98.10193
2008-08-01,97.52624
2008-09-01,97.00208
2008-10-01,96.55705
2008-11-01,96.23405
2008-12-01,96.05741
2009-01-01,96.02200
2009-02-01,96.15049
2009-03-01,96.44803
2009-04-01,96.90628
2009-05-01,97.48318
2009-06-01,98.13945
2009-07-01,98.82977
2009-08-01,99.49525
2009-09-01,100.08600
2009-10-01,100.55700
2009-11-01,100.88280
2009-12-01,101.07850
2010-01-01,101.16940
2010-02-01,101.18470
2010-03-01,101.14390
2010-04-01,101.05600
2010-05-01,100.93070
2010-06-01,100.79470
2010-07-01,100.66820
2010-08-01,100.57680
2010-09-01,100.52310
2010-10-01,100.49890
2010-11-01,100.49550
2010-12-01,100.50070
2011-01-01,100.49980
2011-02-01,100.48280
2011-03-01,100.42970
2011-04-01,100.33400
2011-05-01,100.19010
2011-06-01,99.98487
2011-07-01,99.73656
2011-08-01,99.47641
2011-09-01,99.23353
2011-10-01,99.03020
2011-11-01,98.88243
2011-12-01,98.79603
2012-01-01,98.76653
2012-02-01,98.77219
2012-03-01,98.79276
2012-04-01,98.82210
2012-05-01,98.86868
2012-06-01,98.95119
2012-07-01,99.07367
2012-08-01,99.21738
2012-09-01,99.36705
2012-10-01,99.50816
2012-11-01,99.63272
2012-12-01,99.74817
2013-01-01,99.87672
2013-02-01,100.02180
2013-03-01,100.18620
2013-04-01,100.36280
2013-05-01,100.54060
2013-06-01,100.71480
2013-07-01,100.88630
2013-08-01,101.03510
2013-09-01,101.15140
2013-10-01,101.23250
2013-11-01,101.29810
2013-12-01,101.36090
2014-01-01,101.42250
2014-02-01,101.47640
2014-03-01,101.52000
2014-04-01,101.53560
2014-05-01,101.51300
2014-06-01,101.45190
2014-07-01,101.36360
2014-08-01,101.26270
2014-09-01,101.15530
2014-10-01,101.05430
2014-11-01,100.96450
2014-12-01,100.89770
2015-01-01,100.85970
2015-02-01,100.85020
2015-03-01,100.85280
2015-04-01,100.84730
2015-05-01,100.82220
2015-06-01,100.77620
2015-07-01,100.69870
2015-08-01,100.59700
2015-09-01,100.48080
2015-10-01,100.36510
2015-11-01,100.25420
2015-12-01,100.15140
2016-01-01,100.05150
2016-02-01,99.96967
2016-03-01,99.91499
2016-04-01,99.88230
2016-05-01,99.87483
2016-06-01,99.89746
2016-07-01,99.95884
2016-08-01,100.07260
2016-09-01,100.21410
2016-10-01,100.34030
2016-11-01,100.44010
2016-12-01,100.51320
2017-01-01,100.55540
2017-02-01,100.57990
2017-03-01,100.59540
2017-04-01,100.61300
2017-05-01,100.64340
2017-06-01,100.66330
2017-07-01,100.66180
2017-08-01,100.63430
2017-09-01,100.58320
2017-10-01,100.49790
2017-11-01,100.39240
2017-12-01,100.28650
2018-01-01,100.18690
2018-02-01,100.09850
2018-03-01,100.02250
2018-04-01,99.95502
2018-05-01,99.88011
2018-06-01,99.76438
2018-07-01,99.59769
2018-08-01,99.38331
2018-09-01,99.13474
2018-10-01,98.89120
2018-11-01,98.67236
2018-12-01,98.49923
2019-01-01,98.38953
2019-02-01,98.34558
2019-03-01,98.34408
2019-04-01,98.36049
2019-05-01,98.37756
2019-06-01,98.37893
2019-07-01,98.36328
2019-08-01,98.33452
2019-09-01,98.31938
2019-10-01,98.35268
2019-11-01,98.46135
2019-12-01,98.64525
2020-01-01,98.89833
2020-02-01,99.21342
2020-03-01,97.18377
2020-04-01,91.63659
2020-05-01,92.97480
2020-06-01,96.60470
2020-07-01,99.47272
2020-08-01,99.36861
2020-09-01,99.00489
2020-10-01,98.70792
2020-11-01,98.71281
2020-12-01,99.29082
2021-01-01,99.15972
2021-02-01,99.64196
2021-03-01,100.33490
2021-04-01,100.78810
2021-05-01,101.11970
2021-06-01,101.35400
2021-07-01,101.46170
2021-08-01,101.45120
2021-09-01,101.35160
2021-10-01,101.19650
2021-11-01,100.97770
2021-12-01,100.65660
2022-01-01,100.20810
2022-02-01,99.65442
2022-03-01,99.07212
2022-04-01,98.54584
2022-05-01,98.11360
2022-06-01,97.78220
2022-07-01,97.54897
2022-08-01,97.40058
2022-09-01,97.34495
2022-10-01,97.41483
2022-11-01,97.59905
2022-12-01,97.86848
2023-01-01,98.19873
2023-02-01,98.56113
2023-03-01,98.91442
2023-04-01,99.25732
2023-05-01,99.57463
2023-06-01,99.85947
2023-07-01,100.10970
2023-08-01,100.34080
2023-09-01,100.54650
2023-10-01,100.71360
2023-11-01,100.84810
2023-12-01,100.96630
2024-01-01,101.06220
