observation_date,DEULOLITONOSTSAM
1961-01-01,100.84660
1961-02-01,100.69230
1961-03-01,100.51910
1961-04-01,100.33820
1961-05-01,100.16570
1961-06-01,100.02460
1961-07-01,99.91451
1961-08-01,99.82996
1961-09-01,99.76566
1961-10-01,99.72577
1961-11-01,99.72247
1961-12-01,99.73952
1962-01-01,99.76120
1962-02-01,99.76884
1962-03-01,99.76752
1962-04-01,99.76188
1962-05-01,99.74014
1962-06-01,99.68548
1962-07-01,99.59759
1962-08-01,99.48317
1962-09-01,99.35069
1962-10-01,99.20352
1962-11-01,99.05945
1962-12-01,98.92874
1963-01-01,98.83437
1963-02-01,98.80105
1963-03-01,98.85310
1963-04-01,98.96011
1963-05-01,99.09486
1963-06-01,99.24375
1963-07-01,99.39210
1963-08-01,99.53616
1963-09-01,99.67786
1963-10-01,99.83472
1963-11-01,100.03630
1963-12-01,100.29040
1964-01-01,100.59120
1964-02-01,100.87940
1964-03-01,101.11840
1964-04-01,101.30220
1964-05-01,101.42940
1964-06-01,101.48960
1964-07-01,101.47990
1964-08-01,101.42300
1964-09-01,101.35120
1964-10-01,101.29020
1964-11-01,101.25680
1964-12-01,101.23970
1965-01-01,101.21190
1965-02-01,101.13840
1965-03-01,101.01990
1965-04-01,100.87870
1965-05-01,100.72780
1965-06-01,100.57030
1965-07-01,100.42490
1965-08-01,100.28860
1965-09-01,100.15400
1965-10-01,100.01350
1965-11-01,99.88911
1965-12-01,99.79562
1966-01-01,99.72008
1966-02-01,99.62046
1966-03-01,99.45846
1966-04-01,99.21587
1966-05-01,98.89565
1966-06-01,98.50827
1966-07-01,98.07306
1966-08-01,97.61302
1966-09-01,97.15875
1966-10-01,96.74760
1966-11-01,96.43748
1966-12-01,96.27245
1967-01-01,96.26035
1967-02-01,96.38698
1967-03-01,96.62324
1967-04-01,96.94395
1967-05-01,97.33158
1967-06-01,97.77080
1967-07-01,98.23871
1967-08-01,98.71239
1967-09-01,99.16124
1967-10-01,99.55453
1967-11-01,99.87470
1967-12-01,100.11890
1968-01-01,100.30630
1968-02-01,100.48900
1968-03-01,100.69510
1968-04-01,100.93520
1968-05-01,101.19890
1968-06-01,101.47120
1968-07-01,101.74130
1968-08-01,101.97780
1968-09-01,102.16560
1968-10-01,102.30940
1968-11-01,102.43590
1968-12-01,102.55510
1969-01-01,102.66740
1969-02-01,102.82380
1969-03-01,102.95950
1969-04-01,103.05950
1969-05-01,103.09550
1969-06-01,103.04130
1969-07-01,102.88790
1969-08-01,102.64850
1969-09-01,102.34080
1969-10-01,101.98570
1969-11-01,101.60980
1969-12-01,101.23330
1970-01-01,100.90060
1970-02-01,100.63580
1970-03-01,100.43630
1970-04-01,100.29440
1970-05-01,100.20150
1970-06-01,100.13830
1970-07-01,100.09480
1970-08-01,100.05480
1970-09-01,100.00430
1970-10-01,99.94836
1970-11-01,99.89726
1970-12-01,99.84704
1971-01-01,99.77993
1971-02-01,99.68726
1971-03-01,99.55472
1971-04-01,99.37730
1971-05-01,99.16850
1971-06-01,98.93391
1971-07-01,98.68397
1971-08-01,98.44877
1971-09-01,98.29388
1971-10-01,98.26658
1971-11-01,98.38316
1971-12-01,98.63103
1972-01-01,98.97343
1972-02-01,99.36433
1972-03-01,99.77779
1972-04-01,100.18750
1972-05-01,100.57830
1972-06-01,100.95070
1972-07-01,101.29720
1972-08-01,101.61370
1972-09-01,101.89640
1972-10-01,102.14240
1972-11-01,102.34840
1972-12-01,102.48830
1973-01-01,102.51400
1973-02-01,102.23940
1973-03-01,101.84650
1973-04-01,101.37750
1973-05-01,100.86440
1973-06-01,100.34800
1973-07-01,99.87411
1973-08-01,99.47657
1973-09-01,99.16273
1973-10-01,98.93687
1973-11-01,98.81506
1973-12-01,98.80228
1974-01-01,98.88819
1974-02-01,99.02920
1974-03-01,99.17101
1974-04-01,99.26277
1974-05-01,99.26495
1974-06-01,99.15131
1974-07-01,98.92641
1974-08-01,98.60576
1974-09-01,98.23495
1974-10-01,97.88416
1974-11-01,97.60039
1974-12-01,97.41513
1975-01-01,97.36039
1975-02-01,97.43277
1975-03-01,97.61502
1975-04-01,97.89058
1975-05-01,98.23487
1975-06-01,98.64168
1975-07-01,99.08652
1975-08-01,99.55450
1975-09-01,100.02900
1975-10-01,100.47480
1975-11-01,100.86140
1975-12-01,101.17080
1976-01-01,101.39730
1976-02-01,101.53750
1976-03-01,101.60850
1976-04-01,101.63890
1976-05-01,101.64130
1976-06-01,101.61090
1976-07-01,101.54350
1976-08-01,101.43350
1976-09-01,101.27000
1976-10-01,101.06130
1976-11-01,100.81880
1976-12-01,100.55050
1977-01-01,100.27790
1977-02-01,100.03230
1977-03-01,99.81489
1977-04-01,99.63727
1977-05-01,99.51019
1977-06-01,99.43443
1977-07-01,99.41020
1977-08-01,99.43172
1977-09-01,99.47739
1977-10-01,99.52290
1977-11-01,99.54650
1977-12-01,99.54517
1978-01-01,99.53112
1978-02-01,99.53524
1978-03-01,99.59678
1978-04-01,99.73679
1978-05-01,99.95620
1978-06-01,100.24070
1978-07-01,100.55560
1978-08-01,100.87140
1978-09-01,101.15180
1978-10-01,101.38490
1978-11-01,101.57690
1978-12-01,101.73690
1979-01-01,101.88270
1979-02-01,102.02230
1979-03-01,102.13560
1979-04-01,102.18940
1979-05-01,102.16290
1979-06-01,102.05310
1979-07-01,101.87180
1979-08-01,101.64070
1979-09-01,101.39050
1979-10-01,101.14390
1979-11-01,100.91170
1979-12-01,100.70770
1980-01-01,100.51660
1980-02-01,100.31220
1980-03-01,100.07140
1980-04-01,99.79619
1980-05-01,99.51324
1980-06-01,99.26110
1980-07-01,99.07017
1980-08-01,98.93869
1980-09-01,98.84245
1980-10-01,98.75731
1980-11-01,98.68032
1980-12-01,98.61962
1981-01-01,98.56694
1981-02-01,98.51286
1981-03-01,98.45026
1981-04-01,98.38969
1981-05-01,98.33464
1981-06-01,98.30581
1981-07-01,98.31352
1981-08-01,98.34740
1981-09-01,98.40762
1981-10-01,98.47369
1981-11-01,98.52137
1981-12-01,98.54131
1982-01-01,98.52779
1982-02-01,98.47849
1982-03-01,98.37391
1982-04-01,98.20413
1982-05-01,97.99075
1982-06-01,97.76788
1982-07-01,97.57517
1982-08-01,97.47791
1982-09-01,97.52431
1982-10-01,97.74031
1982-11-01,98.10387
1982-12-01,98.55879
1983-01-01,99.03589
1983-02-01,99.47256
1983-03-01,99.83997
1983-04-01,100.11480
1983-05-01,100.31650
1983-06-01,100.46090
1983-07-01,100.57870
1983-08-01,100.69790
1983-09-01,100.81610
1983-10-01,100.93130
1983-11-01,101.03990
1983-12-01,101.11190
1984-01-01,101.11850
1984-02-01,101.04610
1984-03-01,100.90920
1984-04-01,100.75080
1984-05-01,100.60950
1984-06-01,100.51170
1984-07-01,100.47610
1984-08-01,100.47620
1984-09-01,100.48990
1984-10-01,100.50290
1984-11-01,100.50900
1984-12-01,100.51160
1985-01-01,100.50740
1985-02-01,100.49450
1985-03-01,100.47820
1985-04-01,100.46300
1985-05-01,100.45120
1985-06-01,100.44310
1985-07-01,100.44330
1985-08-01,100.44160
1985-09-01,100.43200
1985-10-01,100.40140
1985-11-01,100.34350
1985-12-01,100.26940
1986-01-01,100.19320
1986-02-01,100.11910
1986-03-01,100.05330
1986-04-01,99.99671
1986-05-01,99.93279
1986-06-01,99.86643
1986-07-01,99.78445
1986-08-01,99.68069
1986-09-01,99.56395
1986-10-01,99.43670
1986-11-01,99.30871
1986-12-01,99.20016
1987-01-01,99.12703
1987-02-01,99.11718
1987-03-01,99.16349
1987-04-01,99.24569
1987-05-01,99.34438
1987-06-01,99.44450
1987-07-01,99.51772
1987-08-01,99.56280
1987-09-01,99.57507
1987-10-01,99.54978
1987-11-01,99.51146
1987-12-01,99.50500
1988-01-01,99.56670
1988-02-01,99.69160
1988-03-01,99.85632
1988-04-01,100.03350
1988-05-01,100.19490
1988-06-01,100.32450
1988-07-01,100.41450
1988-08-01,100.48260
1988-09-01,100.52460
1988-10-01,100.54370
1988-11-01,100.55370
1988-12-01,100.54780
1989-01-01,100.53070
1989-02-01,100.52350
1989-03-01,100.53270
1989-04-01,100.55540
1989-05-01,100.58290
1989-06-01,100.60990
1989-07-01,100.62140
1989-08-01,100.62200
1989-09-01,100.62460
1989-10-01,100.63970
1989-11-01,100.67930
1989-12-01,100.74390
1990-01-01,100.82530
1990-02-01,100.92340
1990-03-01,101.04070
1990-04-01,101.16620
1990-05-01,101.28240
1990-06-01,101.37130
1990-07-01,101.42090
1990-08-01,101.40700
1990-09-01,101.31060
1990-10-01,101.13790
1990-11-01,100.90750
1990-12-01,100.64070
1991-01-01,100.36350
1991-02-01,100.11750
1991-03-01,99.93736
1991-04-01,99.83362
1991-05-01,99.78673
1991-06-01,99.77295
1991-07-01,99.77295
1991-08-01,99.78689
1991-09-01,99.80772
1991-10-01,99.82354
1991-11-01,99.81325
1991-12-01,99.76999
1992-01-01,99.69337
1992-02-01,99.58580
1992-03-01,99.44550
1992-04-01,99.27464
1992-05-01,99.07330
1992-06-01,98.83721
1992-07-01,98.55522
1992-08-01,98.22960
1992-09-01,97.88844
1992-10-01,97.56841
1992-11-01,97.31260
1992-12-01,97.14690
1993-01-01,97.05743
1993-02-01,97.03252
1993-03-01,97.06989
1993-04-01,97.16104
1993-05-01,97.29280
1993-06-01,97.45608
1993-07-01,97.64392
1993-08-01,97.85194
1993-09-01,98.06360
1993-10-01,98.28041
1993-11-01,98.52363
1993-12-01,98.80924
1994-01-01,99.14463
1994-02-01,99.53133
1994-03-01,99.94477
1994-04-01,100.35560
1994-05-01,100.73560
1994-06-01,101.07100
1994-07-01,101.35530
1994-08-01,101.59780
1994-09-01,101.79580
1994-10-01,101.92580
1994-11-01,101.96780
1994-12-01,101.91210
1995-01-01,101.76730
1995-02-01,101.56750
1995-03-01,101.33840
1995-04-01,101.10390
1995-05-01,100.93230
1995-06-01,100.76790
1995-07-01,100.61070
1995-08-01,100.44460
1995-09-01,100.26400
1995-10-01,100.06980
1995-11-01,99.86880
1995-12-01,99.66775
1996-01-01,99.48525
1996-02-01,99.35076
1996-03-01,99.28153
1996-04-01,99.27634
1996-05-01,99.31850
1996-06-01,99.39540
1996-07-01,99.50045
1996-08-01,99.61834
1996-09-01,99.73797
1996-10-01,99.84572
1996-11-01,99.93206
1996-12-01,100.01210
1997-01-01,100.10010
1997-02-01,100.19060
1997-03-01,100.28920
1997-04-01,100.39090
1997-05-01,100.47990
1997-06-01,100.56800
1997-07-01,100.64850
1997-08-01,100.72310
1997-09-01,100.78770
1997-10-01,100.82760
1997-11-01,100.83860
1997-12-01,100.83260
1998-01-01,100.81380
1998-02-01,100.78780
1998-03-01,100.75300
1998-04-01,100.68980
1998-05-01,100.58850
1998-06-01,100.45090
1998-07-01,100.27750
1998-08-01,100.07820
1998-09-01,99.88234
1998-10-01,99.70935
1998-11-01,99.57784
1998-12-01,99.49007
1999-01-01,99.44395
1999-02-01,99.43272
1999-03-01,99.45969
1999-04-01,99.52535
1999-05-01,99.63992
1999-06-01,99.79528
1999-07-01,99.96986
1999-08-01,100.16810
1999-09-01,100.38370
1999-10-01,100.60740
1999-11-01,100.81990
1999-12-01,101.01260
2000-01-01,101.18780
2000-02-01,101.35600
2000-03-01,101.51450
2000-04-01,101.66640
2000-05-01,101.79980
2000-06-01,101.89700
2000-07-01,101.96270
2000-08-01,101.97850
2000-09-01,101.93590
2000-10-01,101.82910
2000-11-01,101.65410
2000-12-01,101.40110
2001-01-01,101.07710
2001-02-01,100.70190
2001-03-01,100.30480
2001-04-01,99.90783
2001-05-01,99.52880
2001-06-01,99.17577
2001-07-01,98.87408
2001-08-01,98.64307
2001-09-01,98.49424
2001-10-01,98.45448
2001-11-01,98.52251
2001-12-01,98.67961
2002-01-01,98.88789
2002-02-01,99.11546
2002-03-01,99.30654
2002-04-01,99.41932
2002-05-01,99.44383
2002-06-01,99.38393
2002-07-01,99.26202
2002-08-01,99.10548
2002-09-01,98.94007
2002-10-01,98.78864
2002-11-01,98.67870
2002-12-01,98.62881
2003-01-01,98.64130
2003-02-01,98.69389
2003-03-01,98.76521
2003-04-01,98.85798
2003-05-01,98.98766
2003-06-01,99.17265
2003-07-01,99.39389
2003-08-01,99.62808
2003-09-01,99.84749
2003-10-01,100.03790
2003-11-01,100.17940
2003-12-01,100.26310
2004-01-01,100.30880
2004-02-01,100.34160
2004-03-01,100.36950
2004-04-01,100.38840
2004-05-01,100.38810
2004-06-01,100.36850
2004-07-01,100.33980
2004-08-01,100.30350
2004-09-01,100.25990
2004-10-01,100.20470
2004-11-01,100.14320
2004-12-01,100.07530
2005-01-01,99.98443
2005-02-01,99.86947
2005-03-01,99.75175
2005-04-01,99.66335
2005-05-01,99.62487
2005-06-01,99.64769
2005-07-01,99.73216
2005-08-01,99.86318
2005-09-01,100.03790
2005-10-01,100.24060
2005-11-01,100.45590
2005-12-01,100.68250
2006-01-01,100.90260
2006-02-01,101.08780
2006-03-01,101.22430
2006-04-01,101.30820
2006-05-01,101.34110
2006-06-01,101.33900
2006-07-01,101.31920
2006-08-01,101.30690
2006-09-01,101.32050
2006-10-01,101.36820
2006-11-01,101.44910
2006-12-01,101.54290
2007-01-01,101.63660
2007-02-01,101.71980
2007-03-01,101.79030
2007-04-01,101.84180
2007-05-01,101.86820
2007-06-01,101.85230
2007-07-01,101.78870
2007-08-01,101.69790
2007-09-01,101.60350
2007-10-01,101.52100
2007-11-01,101.44180
2007-12-01,101.35880
2008-01-01,101.26370
2008-02-01,101.13510
2008-03-01,100.94720
2008-04-01,100.68020
2008-05-01,100.31840
2008-06-01,99.83730
2008-07-01,99.23529
2008-08-01,98.52650
2008-09-01,97.73400
2008-10-01,96.91682
2008-11-01,96.17068
2008-12-01,95.59207
2009-01-01,95.24885
2009-02-01,95.15369
2009-03-01,95.30791
2009-04-01,95.69268
2009-05-01,96.26027
2009-06-01,96.94085
2009-07-01,97.65761
2009-08-01,98.33845
2009-09-01,98.92831
2009-10-01,99.40716
2009-11-01,99.78546
2009-12-01,100.08910
2010-01-01,100.35570
2010-02-01,100.61050
2010-03-01,100.86610
2010-04-01,101.11120
2010-05-01,101.32870
2010-06-01,101.53200
2010-07-01,101.73380
2010-08-01,101.92350
2010-09-01,102.09060
2010-10-01,102.23000
2010-11-01,102.33330
2010-12-01,102.39000
2011-01-01,102.39190
2011-02-01,102.32790
2011-03-01,102.19360
2011-04-01,101.99000
2011-05-01,101.72410
2011-06-01,101.40160
2011-07-01,101.03710
2011-08-01,100.66680
2011-09-01,100.34390
2011-10-01,100.10520
2011-11-01,99.95941
2011-12-01,99.90107
2012-01-01,99.88770
2012-02-01,99.88049
2012-03-01,99.84373
2012-04-01,99.75495
2012-05-01,99.61266
2012-06-01,99.43143
2012-07-01,99.24551
2012-08-01,99.09033
2012-09-01,98.99431
2012-10-01,98.97469
2012-11-01,99.03597
2012-12-01,99.15627
2013-01-01,99.30755
2013-02-01,99.45973
2013-03-01,99.58633
2013-04-01,99.69926
2013-05-01,99.82328
2013-06-01,99.96521
2013-07-01,100.12070
2013-08-01,100.28650
2013-09-01,100.44050
2013-10-01,100.56390
2013-11-01,100.65610
2013-12-01,100.71060
2014-01-01,100.72870
2014-02-01,100.70080
2014-03-01,100.62540
2014-04-01,100.50950
2014-05-01,100.35780
2014-06-01,100.18520
2014-07-01,100.00810
2014-08-01,99.84071
2014-09-01,99.70879
2014-10-01,99.63280
2014-11-01,99.61808
2014-12-01,99.65566
2015-01-01,99.73009
2015-02-01,99.82196
2015-03-01,99.91543
2015-04-01,99.99100
2015-05-01,100.03280
2015-06-01,100.03750
2015-07-01,100.00850
2015-08-01,99.95154
2015-09-01,99.87706
2015-10-01,99.80045
2015-11-01,99.72748
2015-12-01,99.65849
2016-01-01,99.59698
2016-02-01,99.54979
2016-03-01,99.52949
2016-04-01,99.52894
2016-05-01,99.54229
2016-06-01,99.56425
2016-07-01,99.59849
2016-08-01,99.65031
2016-09-01,99.73140
2016-10-01,99.83147
2016-11-01,99.93891
2016-12-01,100.06530
2017-01-01,100.20280
2017-02-01,100.34880
2017-03-01,100.49810
2017-04-01,100.64200
2017-05-01,100.76860
2017-06-01,100.88590
2017-07-01,100.99240
2017-08-01,101.08530
2017-09-01,101.16540
2017-10-01,101.22800
2017-11-01,101.26420
2017-12-01,101.26860
2018-01-01,101.23450
2018-02-01,101.16950
2018-03-01,101.07960
2018-04-01,100.97940
2018-05-01,100.88330
2018-06-01,100.79720
2018-07-01,100.72710
2018-08-01,100.65600
2018-09-01,100.56690
2018-10-01,100.44620
2018-11-01,100.30190
2018-12-01,100.13050
2019-01-01,99.94383
2019-02-01,99.75725
2019-03-01,99.57082
2019-04-01,99.38371
2019-05-01,99.19299
2019-06-01,99.00707
2019-07-01,98.86066
2019-08-01,98.79155
2019-09-01,98.79841
2019-10-01,98.86211
2019-11-01,98.94813
2019-12-01,99.01477
2020-01-01,99.03963
2020-02-01,99.00423
2020-03-01,96.61015
2020-04-01,92.18928
2020-05-01,94.12167
2020-06-01,97.65724
2020-07-01,98.82632
2020-08-01,99.20975
2020-09-01,99.40795
2020-10-01,99.59925
2020-11-01,99.78551
2020-12-01,100.00540
2021-01-01,100.28960
2021-02-01,100.66350
2021-03-01,101.10160
2021-04-01,101.53120
2021-05-01,101.90870
2021-06-01,102.19860
2021-07-01,102.36180
2021-08-01,102.39640
2021-09-01,102.34300
2021-10-01,102.22450
2021-11-01,102.06970
2021-12-01,101.89600
2022-01-01,101.69910
2022-02-01,101.45220
2022-03-01,101.14810
2022-04-01,100.83000
2022-05-01,100.51460
2022-06-01,100.19410
2022-07-01,99.88229
2022-08-01,99.61954
2022-09-01,99.43666
2022-10-01,99.36060
2022-11-01,99.39754
2022-12-01,99.51646
2023-01-01,99.65597
2023-02-01,99.75908
2023-03-01,99.79018
2023-04-01,99.74075
2023-05-01,99.61353
2023-06-01,99.45547
2023-07-01,99.31889
2023-08-01,99.23302
2023-09-01,99.21037
2023-10-01,99.23579
2023-11-01,99.28629
2023-12-01,99.34068
2024-01-01,99.39240
