annee,trim,spread_brut,recession,var_petrole,var_cli,rate_dir,var_etf,spread_filtre,spread_kalman,annee_trim
1992,1,-1.648333333,0,-13.19274568,-0.108163333,9.75,8.9452572782,-1.648333333,-1.704166667,1992Q1
1992,2,-1.704166667,0,12.25060527,-0.202763333,9.75,2.1299488524,-1.704166666,-1.780833333,1992Q2
1992,3,-1.780833333,1,2.1337930472,-0.316256667,9.6666666667,-16.23180109,-1.780833333,-1.595833333,1992Q3
1992,4,-1.595833333,1,-5.481367192,-0.24718,9.5,4.6487010645,-1.595833334,-1.431666666,1992Q4
1993,1,-1.431666667,1,-3.194693655,-0.02567,9.1666666667,8.996828408,-1.431666667,-0.905,1993Q1
1993,2,-0.905,0,-0.432681025,0.12873,8.5,1.4366360763,-0.905000002,-0.436666668,1993Q2
1993,3,-0.436666667,0,-9.819378977,0.2025066667,7.5833333333,12.305028434,-0.436666668,-0.420833331,1993Q3
1993,4,-0.420833333,0,-7.746620131,0.2485466667,6.75,18.063796617,-0.420833333,0.2183333353,1993Q4
1994,1,0.2183333333,0,-9.736959085,0.37851,6.75,-4.984288242,0.2183333313,1.4876269821,1994Q1
1994,2,1.487626984,0,20.26957583,0.37541,6.1666666667,-5.694668572,1.48762698,2.1537367441,1994Q2
1994,3,2.153736746,0,3.5968836513,0.2416,6,-0.917926961,2.1537367439,2.2212936508,1994Q3
1994,4,2.2212936507,0,-4.500391128,0.0387666667,6,4.7550296467,2.2212936505,2.3224334646,1994Q4
1995,1,2.322433465,0,4.1962821809,-0.191233333,6,-8.716052248,2.3224334647,2.3112380951,1995Q1
1995,2,2.311238095,0,5.1897138318,-0.190166667,6,9.1059180855,2.311238095,2.3279020012,1995Q2
1995,3,2.3279020013,0,-7.606554147,-0.167966667,5.6666666667,5.3723230943,2.3279020013,2.313931041,1995Q3
1995,4,2.3139310397,0,1.4693541222,-0.19875,5.3333333333,2.6993472563,2.3139310397,2.7389321785,1995Q4
1996,1,2.7389321787,0,8.9850300107,-0.12874,5,10.1146182,2.7389321773,3.1239824546,1996Q1
1996,2,3.123982456,0,9.8742618407,0.0379566667,4.5,3.2574704469,3.1239824548,3.0725450143,1996Q2
1996,3,3.0725450153,0,2.9291090819,0.11419,4.5,3.3087740141,3.0725450155,2.7060533918,1996Q3
1996,4,2.7060533913,0,10.222035736,0.0913766667,4.5,8.4571991968,2.7060533925,2.49128469,1996Q4
1997,1,2.491284689,0,-7.235156847,0.0923666667,4.5,18.324554516,2.4912846897,2.6021669062,1997Q1
1997,2,2.6021669073,0,-12.79851817,0.0929333333,4.5,10.536318015,2.602166907,2.3664163363,1997Q2
1997,3,2.3664163373,0,-0.586685072,0.0732333333,4.5,10.300281006,2.3664163381,1.8006834137,1997Q3
1997,4,1.800683413,0,0.7705828989,0.0149666667,4.5,1.6705536292,1.8006834148,1.4669754695,1997Q4
1998,1,1.466975469,0,-20.14299817,-0.026533333,4.5,20.664967821,1.46697547,1.2817456133,1998Q1
1998,2,1.281745614,0,-8.111686495,-0.1007,4.5,14.607485961,1.2817456146,0.8803099317,1998Q2
1998,3,0.8803099317,0,-2.866336211,-0.18952,4.5,-24.1520192,0.8803099329,0.4895072171,1998Q3
1998,4,0.489507215,0,-9.075029846,-0.130756667,4.5,12.991905673,0.4895072162,0.7722101302,1998Q4
1999,1,0.772210129,0,1.8565500336,-0.010126667,2.15,-2.822287707,0.7722101281,1.4401642512,1999Q1
1999,2,1.440164251,0,34.013289404,0.1118633333,1.543956044,10.549260328,1.4401642489,2.165909093,1999Q2
1999,3,2.1659090967,0,23.022978966,0.19614,1.5,-4.251912061,2.1659090944,1.730202002,1999Q3
1999,4,1.730202,0,13.257895884,0.2096333333,1.8097826087,35.113975241,1.7302020014,1.9180634689,1999Q4
2000,1,1.9180634723,0,17.473281334,0.1673,2.1978021978,9.2158247376,1.9180634717,1.0020168047,2000Q1
2000,2,1.0020168033,0,0.0902531314,0.1275,2.7967032967,-9.22679535,1.0020168062,0.5090524308,2000Q2
2000,3,0.5090524307,0,9.3553698086,0.0129666667,3.3315217391,-1.450953861,0.5090524322,0.0596401469,2000Q3
2000,4,0.0596401457,0,1.3681055333,-0.178266667,3.7364130435,-5.361927233,0.0596401471,0.0044151316,2000Q4
2001,1,0.0044151303,0,-10.29059855,-0.365433333,3.75,-9.382907587,0.0044151305,0.3674865726,2001Q1
2001,2,0.367486573,0,-2.913996107,-0.376343333,3.6098901099,3.9182099306,0.3674865719,0.6164380122,2001Q2
2001,3,0.6164380113,0,-4.371823876,-0.227176667,3.3451086957,-28.88940632,0.6164380106,1.1509115141,2001Q3
2001,4,1.1509115143,0,-23.23116199,0.06179,2.4619565217,19.775314569,1.1509115127,1.618851523,2001Q4
2002,1,1.6188515243,1,5.5601801221,0.2089766667,2.25,4.5966151221,1.6188515229,1.6674747212,2002Q1
2002,2,1.6674747227,0,21.393101403,0.0257966667,2.25,-18.80073098,1.6674747225,1.2567076195,2002Q2
2002,3,1.256707618,0,7.7995703422,-0.147953333,2.25,-36.817066,1.2567076193,1.316877949,2002Q3
2002,4,1.316877949,0,-0.079595074,-0.103753333,2.1086956522,4.4636516111,1.3168779488,1.3620851969,2002Q4
2003,1,1.3620851967,1,20.300515334,0.0454666667,1.6805555556,-16.20531435,1.3620851965,1.4977246217,2003Q1
2003,2,1.4977246207,0,-14.8622359,0.1358133333,1.3626373626,32.869333851,1.4977246202,1.9520606765,2003Q2
2003,3,1.9520606773,0,4.283030242,0.2249466667,1,1.1240195957,1.9520606759,2.1388028257,2003Q3
2003,4,2.1388028267,0,3.1324106832,0.1385366667,1,21.750928108,2.1388028261,2.0018594482,2003Q4
2004,1,2.0018594473,0,13.395160658,0.0354666667,1,-2.735323753,2.0018594478,2.1385905678,2004Q1
2004,2,2.1385905687,0,8.4190713023,-0.000333333,1,5.0828436689,2.1385905682,1.9949090868,2004Q2
2004,3,1.9949090877,0,14.534305575,-0.0362,1,-3.943763313,1.9949090881,1.5879716209,2004Q3
2004,4,1.58797162,1,10.044782259,-0.061533333,1,9.3292965371,1.5879716213,1.4613277598,2004Q4
2005,1,1.4613277603,0,3.3117172813,-0.10785,1,2.1778241881,1.4613277607,1.1796384994,2005Q1
2005,2,1.179638499,0,6.4336695218,-0.034686667,1,5.4615388847,1.1796384999,1.038335652,2005Q2
2005,3,1.0383356517,0,19.214609776,0.13007,1,9.9828260263,1.0383356521,0.9980108647,2005Q3
2005,4,0.998010865,0,-5.189668955,0.2148666667,1.0706521739,7.2190915358,0.9980108651,0.8655381477,2005Q4
2006,1,0.8655381467,0,5.3980051376,0.1806,1.3166666667,10.388190228,0.8655381471,1.0499074042,2006Q1
2006,2,1.049907406,0,11.370723716,0.0382333333,1.543956044,-4.803453484,1.0499074054,0.6612242553,2006Q2
2006,3,0.6612242557,0,0.029736963,-0.006166667,1.8940217391,5.6484692234,0.6612242569,0.1629840676,2006Q3
2006,4,0.162984066,0,-14.95002014,0.0741333333,2.2744565217,9.8693748685,0.1629840676,0.1819181912,2006Q4
2007,1,0.181918191,0,-3.116658774,0.0824666667,2.55,4.8524139609,0.1819181909,0.2657467891,2007Q1
2007,2,0.2657467907,0,11.864378984,0.0206666667,2.7994505495,15.762401969,0.2657467904,-0.157989587,2007Q2
2007,3,-0.157989587,0,15.789396527,-0.082933333,3,-1.820959594,-0.157989586,-0.53224108,2007Q3
2007,4,-0.532241081,0,20.419889234,-0.081566667,3,2.617945722,-0.532241079,-0.553317,2007Q4
2008,1,-0.553317,0,8.0281134506,-0.1372,3,-18.99453155,-0.553317,-0.606341283,2008Q1
2008,2,-0.606341283,0,26.487641519,-0.369966667,3,-1.785017939,-0.606341283,-0.719488552,2008Q2
2008,3,-0.719488552,1,-4.431554231,-0.7011,3.2282608696,-9.150366775,-0.719488552,-0.718710995,2008Q3
2008,4,-0.718711001,1,-50.39250781,-0.713976667,2.7934782609,-17.50671102,-0.718711001,1.0609898428,2008Q4
2009,1,1.0609898453,1,-26.48395935,-0.09472,1.1055555556,-15.08128885,1.0609898398,2.0152424197,2009Q1
2009,2,2.0152424213,0,38.172452206,0.5443133333,0.2692307692,17.721484866,2.0152424183,2.4329074655,2009Q2
2009,3,2.4329074667,0,14.312537448,0.6624866667,0.25,18.020063779,2.4329074654,2.4663325887,2009Q3
2009,4,2.4663325887,0,11.534880735,0.38693,0.25,4.9737806821,2.4663325886,2.5144224695,2009Q4
2010,1,2.514422471,0,3.6960440541,0.259,0.25,3.2920172477,2.5144224708,2.0943842769,2010Q1
2010,2,2.0943842773,0,-1.257523844,0.2219666667,0.25,-3.055631158,2.0943842786,1.5471818138,2010Q2
2010,3,1.547181812,0,-2.254034878,0.1862,0.25,4.4170499661,1.5471818137,1.5772651894,2010Q3
2010,4,1.577265188,0,11.961865007,0.0998,0.25,10.999642315,1.5772651879,2.0492986631,2010Q4
2011,1,2.0492986657,0,10.457505006,-0.065466667,0.25,1.838539558,2.0492986642,1.6858173974,2011Q1
2011,2,1.6858173993,0,8.4574725051,-0.264,0.467032967,4.7566457519,1.6858174005,0.7000727336,2011Q2
2011,3,0.7000727313,0,-12.28049682,-0.352566667,0.7173913043,-25.40888251,0.7000727344,0.4391522716,2011Q3
2011,4,0.4391522697,0,5.0532118985,-0.14761,0.5570652174,7.2033557987,0.4391522705,0.7914336314,2011Q4
2012,1,0.7914336327,0,9.5398954838,-0.019113333,0.25,17.775818036,0.7914336316,0.7244743004,2012Q1
2012,2,0.7244742993,0,-9.41451601,-0.137433333,0.25,-7.637300567,0.7244742995,0.9995916853,2012Q2
2012,3,0.9995916857,0,-1.20142449,-0.145706667,0.027173913,12.466259951,0.9995916848,1.1722968924,2012Q3
2012,4,1.1722968927,0,-4.511091835,0.0539866667,0,5.4910200001,1.1722968921,1.2586545417,2012Q4
2013,1,1.2586545423,1,7.1756988274,0.1433533333,0,2.4029236362,1.2586545421,1.1334664299,2013Q1
2013,2,1.1334664283,0,-0.293233272,0.1262933333,0,2.1026765455,1.1334664287,1.5060703028,2013Q2
2013,3,1.506070304,0,12.527059558,0.15843,0,7.9804322363,1.5060703028,1.5047958154,2013Q3
2013,4,1.504795816,0,-7.874622591,0.0900333333,0,11.143997511,1.504795816,1.3125005731,2013Q4
2014,1,1.3125005733,0,1.2118130604,-0.0284,0,0.0392581357,1.3125005739,1.0507261905,2014Q1
2014,2,1.0507261903,0,4.7311653746,-0.146733333,-0.021978022,2.9004056308,1.0507261912,0.832732046,2014Q2
2014,3,0.832732046,0,-5.299764048,-0.158803333,-0.122826087,-3.648611231,0.8327320467,0.6181476526,2014Q3
2014,4,0.618147653,0,-25.19517343,-0.01771,-0.2,3.4963005903,0.6181476537,0.2604080775,2014Q4
2015,1,0.2604080757,0,-33.77350352,0.08659,-0.2,22.034665676,0.2604080768,0.4966980822,2015Q1
2015,2,0.4966980823,0,19.324140981,0.04069,-0.2,-8.534060622,0.4966980816,0.6853712119,2015Q2
2015,3,0.6853712127,0,-19.65013811,-0.05348,-0.2,-11.73625263,0.6853712121,0.615800131,2015Q3
2015,4,0.6158001313,0,-9.786865023,-0.072856667,-0.225,11.206210978,0.6158001316,0.4443436382,2015Q4
2016,1,0.444343638,0,-20.47082238,-0.043,-0.317582418,-7.237264202,0.4443436385,0.3415353581,2016Q1
2016,2,0.3415353583,0,36.306347876,0.0115866667,-0.4,-2.864077489,0.3415353587,0.1747539504,2016Q2
2016,3,0.174753949,0,-1.339070899,0.0557166667,-0.4,8.5839047045,0.1747539495,0.4601464566,2016Q3
2016,4,0.460146457,0,9.5507279362,0.1113,-0.4,9.2287911385,0.4601464561,0.6135544198,2016Q4
2017,1,0.6135544203,0,5.0589328622,0.1442666667,-0.4,7.2450677725,0.6135544199,0.6007462611,2017Q1
2017,2,0.6007462607,0,-6.814011771,0.1292666667,-0.4,0.0994893951,0.6007462607,0.7126135661,2017Q2
2017,3,0.7126135667,0,0.1620758741,0.0931666667,-0.4,4.0871020289,0.7126135663,0.6546547086,2017Q3
2017,4,0.6546547077,0,14.702860036,0.0344,-0.4,0.6920279311,0.6546547078,0.8826428539,2017Q4
2018,1,0.882642855,0,13.823837881,-0.063,-0.4,-6.354947204,0.8826428543,0.7442892524,2018Q1
2018,2,0.7442892523,0,8.2023218125,-0.094133333,-0.4,1.7299677114,0.7442892528,0.6314974403,2018Q2
2018,3,0.63149744,0,2.3827542322,-0.076766667,-0.4,-0.481631166,0.6314974404,0.6153982133,2018Q3
2018,4,0.615398214,0,-13.95050116,-0.145466667,-0.4,-13.78139669,0.6153982141,0.3749400514,2018Q4
2019,1,0.3749400513,0,-8.575685503,-0.18656,-0.4,9.1588573278,0.3749400521,0.1539683287,2019Q1
2019,2,0.153968329,0,9.2242916127,-0.187916667,-0.4,7.5720695284,0.1539683297,-0.147330293,2019Q2
2019,3,-0.147330295,0,-5.91816989,-0.069553333,-0.414130435,0.2361540947,-0.147330294,0.0291614822,2019Q3
2019,4,0.029161483,0,0.9027411888,0.07212,-0.5,6.6054425329,0.0291614824,-0.0347924,2019Q4
2020,1,-0.0347924,1,-20.24764784,-0.80154,-0.5,-25.0069249,-0.0347924,-0.166095237,2020Q1
2020,2,-0.166095238,1,-38.32496589,0.34903,-0.5,23.904268598,-0.166095238,-0.05175314,2020Q2
2020,3,-0.05175314,0,46.248291594,0.58357,-0.5,3.6536702968,-0.05175314,-0.090816743,2020Q3
2020,4,-0.090816744,0,3.9939673236,0.19915,-0.5,7.5077975123,-0.090816744,0.0778514637,2020Q4
2021,1,0.0778514637,0,36.610349309,0.3654,-0.5,9.3999579016,0.0778514631,0.2613393109,2021Q1
2021,2,0.261339312,0,13.931389978,0.3656666667,-0.5,3.4827316063,0.2613393114,0.0949091101,2021Q2
2021,3,0.094909109,0,6.6309459357,0.0481333333,-0.5,-1.740705121,0.0949091095,0.2656406033,2021Q3
2021,4,0.2656406027,0,9.5668267698,-0.149,-0.5,4.090050347,0.2656406021,0.6346849763,2021Q4
2022,1,0.634684975,0,23.087603766,-0.2493,-0.5,-9.254789271,0.6346849738,1.4056307831,2022Q1
2022,2,1.4056307873,0,14.345435998,-0.318,-0.5,-11.31466358,1.4056307849,0.8231618113,2022Q2
2022,3,0.823161811,0,-14.49017855,-0.25248,-0.002717391,-5.236398998,0.8231618128,0.3406327321,2022Q3
2022,4,0.3406327327,0,-11.04250331,0.0266,1.2989130435,14.934585399,0.3406327342,-0.316357755,2022Q4
2023,1,-0.316357755,1,-8.283016535,0.09124,2.3444444444,12.247200752,-0.316357753,-1.00298483,2023Q1
2023,2,-1.002984831,1,-3.149328649,-0.11157,3.1703296703,3.3211713221,-1.002984829,-1.222804663,2023Q2
2023,3,-1.222804663,0,11.846043294,-0.0817,3.6929347826,-4.714670602,-1.222804662,-1.44917226,2023Q3
2023,4,-1.449172261,0,-4.527151097,0.0434366667,4,8.8717605858,,,2023Q4
