Date,FTSE_100,DAX_40,CAC_40,SP_500
1990-03-31,2247.89990234375,1966.75,1972.0,339.94000244140625
1990-06-30,2374.60009765625,1884.6700439453125,2035.0,358.0199890136719
1990-09-30,1990.199951171875,1327.97998046875,1499.0,306.04998779296875
1990-12-31,2143.5,1389.3499755859375,1509.0,330.2200012207031
1991-03-31,2456.5,1515.3199462890625,1816.0,375.2200012207031
1991-06-30,2414.800048828125,1623.72998046875,1747.5999755859375,371.1600036621094
1991-09-30,2621.699951171875,1605.469970703125,1880.5999755859375,387.8599853515625
1991-12-31,2493.10009765625,1577.260009765625,1765.699951171875,417.0899963378906
1992-03-31,2440.10009765625,1718.3499755859375,1942.4000244140625,403.69000244140625
1992-06-30,2521.199951171875,1754.949951171875,1900.5999755859375,408.1400146484375
1992-09-30,2553.0,1470.0899658203125,1736.699951171875,417.79998779296875
1992-12-31,2846.5,1538.4300537109375,1857.800048828125,435.7099914550781
1993-03-31,2878.699951171875,1676.8399658203125,2031.4000244140625,451.6700134277344
1993-06-30,2900.0,1700.9300537109375,1971.9000244140625,450.5299987792969
1993-09-30,3037.5,1910.22998046875,2114.60009765625,458.92999267578125
1993-12-31,3418.39990234375,2255.2900390625,2268.199951171875,466.45001220703125
1994-03-31,3086.39990234375,2142.8798828125,2081.89990234375,445.7699890136719
1994-06-30,2919.199951171875,2020.8499755859375,1892.0,444.2699890136719
1994-09-30,3026.300048828125,2002.300048828125,1879.300048828125,462.7099914550781
1994-12-31,3065.5,2097.510009765625,1881.199951171875,459.2699890136719
1995-03-31,3137.89990234375,1914.68994140625,1859.5,500.7099914550781
1995-06-30,3314.60009765625,2089.0400390625,1858.800048828125,544.75
1995-09-30,3508.199951171875,2201.27001953125,1788.4000244140625,584.4099731445312
1995-12-31,3689.300048828125,2260.68994140625,1872.0,615.9299926757812
1996-03-31,3699.699951171875,2489.35009765625,2044.800048828125,645.5
1996-06-30,3711.0,2570.43994140625,2123.699951171875,670.6300048828125
1996-09-30,3953.699951171875,2655.489990234375,2132.800048828125,687.3300170898438
1996-12-31,4118.5,2880.070068359375,2315.699951171875,740.739990234375
1997-03-31,4312.89990234375,3407.830078125,2656.699951171875,757.1199951171875
1997-06-30,4604.60009765625,3766.889892578125,2858.300048828125,885.1400146484375
1997-09-30,5244.2001953125,4154.89013671875,3008.300048828125,947.280029296875
1997-12-31,5135.5,4224.2998046875,2998.89990234375,970.4299926757812
1998-03-31,5932.2001953125,5097.25,3875.300048828125,1101.75
1998-06-30,5832.60009765625,5841.830078125,4203.4501953125,1133.8399658203125
1998-09-30,5064.39990234375,4430.91015625,3197.949951171875,1017.010009765625
1998-12-31,5882.60009765625,5006.56982421875,3942.659912109375,1229.22998046875
1999-03-31,6295.2998046875,4865.27001953125,4197.8798828125,1286.3699951171875
1999-06-30,6318.5,5378.52001953125,4536.60986328125,1372.7099609375
1999-09-30,6029.7998046875,5149.830078125,4591.419921875,1282.7099609375
1999-12-31,6930.2001953125,6958.14013671875,5958.31982421875,1469.25
2000-03-31,6540.2001953125,7599.39013671875,6286.0498046875,1498.5799560546875
2000-06-30,6312.7001953125,6898.2099609375,6446.5400390625,1454.5999755859375
2000-09-30,6294.2001953125,6798.1201171875,6266.6298828125,1436.510009765625
2000-12-31,6222.5,6433.60986328125,5926.419921875,1320.280029296875
2001-03-31,5633.7001953125,5829.9501953125,5180.4501953125,1160.3299560546875
2001-06-30,5642.5,6058.3798828125,5225.330078125,1224.3800048828125
2001-09-30,4903.39990234375,4308.14990234375,4079.02001953125,1040.93994140625
2001-12-31,5217.39990234375,5160.10009765625,4624.580078125,1148.0799560546875
2002-03-31,5271.7998046875,5397.2900390625,4688.02001953125,1147.3900146484375
2002-06-30,4656.39990234375,4382.56005859375,3897.989990234375,989.8200073242188
2002-09-30,3721.800048828125,2769.030029296875,2777.449951171875,815.280029296875
2002-12-31,3940.39990234375,2892.6298828125,3063.909912109375,879.8200073242188
2003-03-31,3613.300048828125,2423.8701171875,2618.4599609375,848.1799926757812
2003-06-30,4031.199951171875,3220.580078125,3084.10009765625,974.5
2003-09-30,4091.300048828125,3256.780029296875,3134.989990234375,995.969970703125
2003-12-31,4476.89990234375,3965.159912109375,3557.89990234375,1111.9200439453125
2004-03-31,4385.7001953125,3856.699951171875,3625.22998046875,1126.2099609375
2004-06-30,4464.10009765625,4052.72998046875,3732.989990234375,1140.8399658203125
2004-09-30,4570.7998046875,3892.89990234375,3640.610107421875,1114.5799560546875
2004-12-31,4814.2998046875,4256.080078125,3821.159912109375,1211.9200439453125
2005-03-31,4894.39990234375,4348.77001953125,4067.780029296875,1180.5899658203125
2005-06-30,5113.2001953125,4586.27978515625,4229.35009765625,1191.3299560546875
2005-09-30,5477.7001953125,5044.1201171875,4600.02001953125,1228.81005859375
2005-12-31,5618.7998046875,5408.259765625,4715.22998046875,1248.2900390625
2006-03-31,5964.60009765625,5970.080078125,5220.85009765625,1294.8699951171875
2006-06-30,5833.39990234375,5683.31005859375,4965.9599609375,1270.199951171875
2006-09-30,5960.7998046875,6004.330078125,5250.009765625,1335.8499755859375
2006-12-31,6220.7998046875,6596.919921875,5541.759765625,1418.300048828125
2007-03-31,6308.0,6917.02978515625,5634.16015625,1420.8599853515625
2007-06-30,6607.89990234375,8007.31982421875,6054.93017578125,1503.3499755859375
2007-09-30,6466.7998046875,7861.509765625,5715.68994140625,1526.75
2007-12-31,6456.89990234375,8067.31982421875,5614.080078125,1468.3599853515625
2008-03-31,5702.10009765625,6534.97021484375,4707.06982421875,1322.699951171875
2008-06-30,5625.89990234375,6418.31982421875,4434.85009765625,1280.0
2008-09-30,4902.5,5831.02001953125,4032.10009765625,1166.3599853515625
2008-12-31,4434.2001953125,4810.2001953125,3217.969970703125,903.25
2009-03-31,3926.10009765625,4084.760009765625,2807.340087890625,797.8699951171875
2009-06-30,4249.2001953125,4808.64013671875,3140.43994140625,919.3200073242188
2009-09-30,5133.89990234375,5675.16015625,3795.409912109375,1057.0799560546875
2009-12-31,5412.89990234375,5957.43017578125,3936.330078125,1115.0999755859375
2010-03-31,5679.60009765625,6153.5498046875,3974.010009765625,1169.4300537109375
2010-06-30,4916.89990234375,5965.52001953125,3442.889892578125,1030.7099609375
2010-09-30,5548.60009765625,6229.02001953125,3715.179931640625,1141.199951171875
2010-12-31,5899.89990234375,6914.18994140625,3850.760009765625,1257.6400146484375
2011-03-31,5908.7998046875,7041.31005859375,3989.179931640625,1325.8299560546875
2011-06-30,5945.7001953125,7376.240234375,3982.2099609375,1320.6400146484375
2011-09-30,5128.5,5502.02001953125,2981.9599609375,1131.4200439453125
2011-12-31,5572.2998046875,5898.35009765625,3159.81005859375,1257.5999755859375
2012-03-31,5768.5,6946.830078125,3423.81005859375,1408.469970703125
2012-06-30,5571.2001953125,6416.27978515625,3196.64990234375,1362.1600341796875
2012-09-30,5742.10009765625,7216.14990234375,3354.820068359375,1440.6700439453125
2012-12-31,5897.7998046875,7612.39013671875,3620.25,1426.18994140625
2013-03-31,6411.7001953125,7795.31005859375,3731.419921875,1569.18994140625
2013-06-30,6215.5,7959.22021484375,3738.909912109375,1606.280029296875
2013-09-30,6462.2001953125,8594.400390625,4143.43994140625,1681.550048828125
2013-12-31,6749.10009765625,9552.16015625,4295.9501953125,1848.3599853515625
2014-03-31,6598.39990234375,9555.91015625,4391.5,1872.3399658203125
2014-06-30,6743.89990234375,9833.0703125,4422.83984375,1960.22998046875
2014-09-30,6622.7001953125,9474.2998046875,4416.240234375,1972.2900390625
2014-12-31,6566.10009765625,9805.5498046875,4272.75,2058.89990234375
2015-03-31,6773.0,11966.169921875,5033.64013671875,2067.889892578125
2015-06-30,6521.0,10944.9697265625,4790.2001953125,2063.110107421875
2015-09-30,6061.60009765625,9660.4404296875,4455.2900390625,1920.030029296875
2015-12-31,6242.2998046875,10743.009765625,4677.14013671875,2043.93994140625
2016-03-31,6174.89990234375,9965.509765625,4385.06005859375,2059.739990234375
2016-06-30,6504.2998046875,9680.08984375,4237.47998046875,2098.860107421875
2016-09-30,6899.2998046875,10511.01953125,4448.259765625,2168.27001953125
2016-12-31,7142.7998046875,11481.0595703125,4862.31005859375,2238.830078125
2017-03-31,7322.89990234375,12312.8701171875,5122.509765625,2362.719970703125
2017-06-30,7312.7001953125,12325.1201171875,5120.68017578125,2423.409912109375
2017-09-30,7372.7998046875,12828.8603515625,5329.81005859375,2519.360107421875
2017-12-31,7687.7998046875,12917.6396484375,5312.56005859375,2673.610107421875
2018-03-31,7056.60009765625,12096.73046875,5167.2998046875,2640.8701171875
2018-06-30,7636.89990234375,12306.0,5323.52978515625,2718.3701171875
2018-09-30,7510.2001953125,12246.73046875,5493.490234375,2913.97998046875
2018-12-31,6728.10009765625,10558.9599609375,4730.68994140625,2506.85009765625
2019-03-31,7279.2001953125,11526.0400390625,5350.52978515625,2834.39990234375
2019-06-30,7425.60009765625,12398.7998046875,5538.97021484375,2941.760009765625
2019-09-30,7408.2001953125,12428.080078125,5677.7900390625,2976.739990234375
2019-12-31,7542.39990234375,13249.009765625,5978.06005859375,3230.780029296875
2020-03-31,5672.0,9935.83984375,4396.1201171875,2584.590087890625
2020-06-30,6169.7001953125,12310.9296875,4935.990234375,3100.2900390625
2020-09-30,5866.10009765625,12760.73046875,4803.43994140625,3363.0
2020-12-31,6460.5,13718.7802734375,5551.41015625,3756.070068359375
2021-03-31,6713.60009765625,15008.33984375,6067.22998046875,3972.889892578125
2021-06-30,7037.5,15531.0400390625,6507.830078125,4297.5
2021-09-30,7086.39990234375,15260.6904296875,6520.009765625,4307.5400390625
2021-12-31,7384.5,15884.8603515625,7153.02978515625,4766.18017578125
2022-03-31,7515.7001953125,14414.75,6659.8701171875,4530.41015625
2022-06-30,7169.2998046875,12783.76953125,5922.85986328125,3785.3798828125
2022-09-30,6893.7998046875,12114.3603515625,5762.33984375,3585.6201171875
2022-12-31,7451.7001953125,13923.58984375,6473.759765625,3839.5
2023-03-31,7631.7001953125,15628.83984375,7322.39013671875,4109.31005859375
2023-06-30,7531.5,16147.900390625,7400.06005859375,4450.3798828125
2023-09-30,7608.10009765625,15386.580078125,7135.06005859375,4288.0498046875
2023-12-31,7733.2001953125,16751.640625,7543.18017578125,4769.830078125
2024-03-31,7952.60009765625,18492.490234375,8205.8095703125,5254.35009765625
2024-06-30,8164.10009765625,18235.44921875,7479.39990234375,5460.47998046875
2024-09-30,8237.0,19324.9296875,7635.75,5762.47998046875
2024-12-31,8173.0,19909.140625,7380.740234375,5881.6298828125
2025-03-31,8582.7998046875,22163.490234375,7790.7099609375,5611.85009765625
2025-06-30,8761.0,23909.609375,7665.91015625,6204.9501953125
2025-09-30,9350.400390625,23880.720703125,7895.93994140625,6688.4599609375
2025-12-31,9931.400390625,24490.41015625,8149.5,6845.5
2026-03-31,10176.5,22680.0390625,7816.93994140625,6528.52001953125
2026-06-30,10378.7998046875,24292.380859375,8114.83984375,7209.009765625
